[
    {"username":"agua","email":"agua@gmail.com","phone":"1234","address":"agua","password":"agua"},
    {"username":"1111","email":"1111@gmail.com","phone":"1111","address":"1111","password":"1111"},
    {"username":"2222","email":"2222@gmail.com","phone":"2222","address":"2222","password":"2222"},
    {"username":"5555","email":"5555@gmail.com","phone":"5555","address":"5555","password":"5555"},
    {"username":"3333","email":"3333@gmail.com","phone":"3333","address":"3333","password":"3333"},
    {"username":"nathan","email":"nathan@gmail.com","phone":"1234","address":"1234","password":"nathan"},
    {"username":"Lance Agua","email":"lanceagua@gmail.com","phone":"09123456789","address":"123 OLFU","password":"123"}
]